{"sample": {"collection_date": "Dec 04 2023", "size": 13325821970, "queries": 4023, "verified_hits": 24964, "dead_links": 105, "prefix_len": 5, "efficiency": 8589934592}, "stats": {"fields": ["views", "likes", "duration", "comments", "subscribers", "whisper_lang", "upload_year", "annual_uploads", "cumulative_uploads", "music", "live_status", "age_limit", "availability", "category"], "data": {"views": {"unit": "views", "labels": ["0", "1", "2", "3-4", "5-8", "9-16", "17-32", "33-64", "65-128", "129-256", "257-512", "513-1,024", "1,025-2,048", "2,049-4,096", "4,097-8,192", "8,193-16,384", "16,385-32,768", "32,769-65,536", "65,537-131,072", "131,073-262,144", "262,145-524,288", "524,289-1,048,576", "1,048,577-2,097,152", "2,097,153-4,194,304", "4,194,305-8,388,608", "8,388,609-16,777,216", "16,777,217-33,554,432", "33,554,433-67,108,864", "67,108,865-134,217,728", "134,217,729-268,435,456"], "values": [0.04494472039737222, 0.03853549110719436, 0.03501041499759654, 0.05620092933824707, 0.0800753084441596, 0.10298830315654542, 0.10879666720076911, 0.10811568658868771, 0.09465630507931422, 0.07715109758051594, 0.06232975484697965, 0.05107354590610479, 0.04758852747957058, 0.0355712225604871, 0.020669764460823584, 0.01249799711584682, 0.00849222880948566, 0.005447844896651178, 0.0036853068418522673, 0.002804037814452812, 0.001602307322544464, 0.0009213267104630668, 0.000400576830636116, 0.0001201730491908348, 0.000200288415318058, 8.01153661272232e-05, 0.0, 0.0, 0.0, 4.00576830636116e-05], "median": 40.0, "mean": 14228.50680980612}, "likes": {"unit": "likes", "labels": ["0", "1", "2", "3-4", "5-8", "9-16", "17-32", "33-64", "65-128", "129-256", "257-512", "513-1,024", "1,025-2,048", "2,049-4,096", "4,097-8,192", "8,193-16,384", "16,385-32,768", "32,769-65,536", "65,537-131,072", "131,073-262,144", "262,145-524,288", "524,289-1,048,576", "1,048,577-2,097,152", "2,097,153-4,194,304"], "values": [0.668522672648614, 0.07178336804999198, 0.04129947123858356, 0.05019227687870534, 0.046947604550552795, 0.03877583720557603, 0.028240666559846177, 0.02006889921486941, 0.013900016023073225, 0.006970036853068419, 0.004526518186188111, 0.003404903060406986, 0.00200288415318058, 0.0014821342733536292, 0.000801153661272232, 0.0005608075628905624, 0.0001201730491908348, 0.000200288415318058, 0.0001201730491908348, 4.00576830636116e-05, 0.0, 0.0, 0.0, 4.00576830636116e-05], "median": 0.0, "mean": 173.6461704854991}, "duration": {"unit": "seconds", "labels": ["2", "3-4", "5-8", "9-16", "17-32", "33-64", "65-128", "129-256", "257-512", "513-1,024", "1,025-2,048", "2,049-4,096", "4,097-8,192", "8,193-16,384", "16,385-32,768", "32,769-65,536"], "values": [0.003404903060406986, 0.0062890562409870215, 0.03801474122736741, 0.1927175132190354, 0.12658227848101267, 0.12930620092933826, 0.09309405543983336, 0.1363964108315975, 0.104270149014581, 0.07394648293542702, 0.03981733696522993, 0.0279602627784009, 0.01682422688671687, 0.008892805640121775, 0.0017625380547989103, 0.0007210382951450088], "median": 67.0, "mean": 538.181421246595}, "comments": {"unit": "comments", "labels": ["0", "1", "2", "3-4", "5-8", "9-16", "17-32", "33-64", "65-128", "129-256", "257-512", "513-1,024", "1,025-2,048", "2,049-4,096"], "values": [0.7292501201730492, 0.08067617369011376, 0.04698766223361641, 0.042140682582919406, 0.034409549751642364, 0.024154782887357795, 0.015862842493190196, 0.012097420285210703, 0.0072504406345137, 0.0034449607434705975, 0.00200288415318058, 0.0010414997596539016, 0.0003204614645088928, 0.0003605191475725044], "median": 0.0, "mean": 6.049791700048069}, "subscribers": {"unit": "subscribers", "labels": ["0", "1", "2", "3-4", "5-8", "9-16", "17-32", "33-64", "65-128", "129-256", "257-512", "513-1,024", "1,025-2,048", "2,049-4,096", "4,097-8,192", "8,193-16,384", "16,385-32,768", "32,769-65,536", "65,537-131,072", "131,073-262,144", "262,145-524,288", "524,289-1,048,576", "1,048,577-2,097,152", "2,097,153-4,194,304", "4,194,305-8,388,608", "8,388,609-16,777,216", "16,777,217-33,554,432", "33,554,433-67,108,864", "67,108,865-134,217,728"], "values": [0.0825588847941035, 0.041860278801474124, 0.029682743150136196, 0.03761416439673129, 0.05479891043102067, 0.06437269668322385, 0.07398654061849062, 0.07522832879346258, 0.07110238743791059, 0.07070181060727447, 0.08091651978849543, 0.06917961865085723, 0.06569460022432302, 0.045185066495753885, 0.03529081877904182, 0.02399455215510335, 0.01978849543342413, 0.014821342733536292, 0.011776958820701811, 0.009133151738503445, 0.007530844415958981, 0.004606633552315334, 0.0034449607434705975, 0.0030844415958980933, 0.001402018907226406, 0.0018426534209261337, 0.0003204614645088928, 4.00576830636116e-05, 4.00576830636116e-05], "median": 93.0, "mean": 67043.4051434065}, "whisper_lang": {"unit": "language", "labels": ["english", "hindi", "spanish", "portuguese", "arabic", "russian", "japanese", "indonesian", "korean", "chinese", "turkish", "vietnamese", "tamil", "bengali", "french", "german", "nynorsk", "thai", "urdu", "punjabi", "telugu", "tagalog", "italian", "other"], "values": [0.31843803610816107, 0.10481169839065436, 0.07948697001878932, 0.07858835062494894, 0.06045257740380688, 0.05604117310677232, 0.03177844947308226, 0.024017645617188138, 0.02083163140266318, 0.018952699942815128, 0.016746997794297853, 0.016501919777795932, 0.01584837840045748, 0.01535822236745364, 0.014949759006617106, 0.01274405685809983, 0.01274405685809983, 0.011600359447757537, 0.009639735315742177, 0.009558042643574871, 0.009476349971407564, 0.009149579282738338, 0.008332652561065272, 0.043950657626010955]}, "upload_year": {"unit": "year", "labels": [2006, 2007, 2008, 2009, 2010, 2011, 2012, 2013, 2014, 2015, 2016, 2017, 2018, 2019, 2020, 2021, 2022, 2023], "values": [0.0005608075628905624, 0.0015221919564172408, 0.0041659990386156065, 0.005568017945842012, 0.008372055760294825, 0.011296266623938471, 0.01373978529081878, 0.01598301554238103, 0.018306361160070502, 0.020870052876141645, 0.030884473642044545, 0.042140682582919406, 0.050432622977087005, 0.059405543983336, 0.09541740105752283, 0.1416439673129306, 0.1815814773273514, 0.2981092773593975], "median": 2021.0, "mean": 2020.2286492549272}, "annual_uploads": {"unit": "year", "labels": [2006, 2007, 2008, 2009, 2010, 2011, 2012, 2013, 2014, 2015, 2016, 2017, 2018, 2019, 2020, 2021, 2022, 2023], "values": [7473221, 20284459, 55515361, 74198415, 111564524, 150532037, 183093932, 212986819, 243947309, 278110609, 411560997, 561559233, 672056155, 791627703, 1271515299, 1887522291, 2419722439, 3972551157]}, "cumulative_uploads": {"unit": "year", "labels": [2006, 2007, 2008, 2009, 2010, 2011, 2012, 2013, 2014, 2015, 2016, 2017, 2018, 2019, 2020, 2021, 2022, 2023], "values": [7473221, 27757680, 83273041, 157471456, 269035980, 419568017, 602661949, 815648768, 1059596077, 1337706686, 1749267683, 2310826916, 2982883071, 3774510774, 5046026073, 6933548364, 9353270803, 13325821960]}, "music": {"unit": "accessible in YouTube Music", "labels": [false, true], "values": [0.9132751161672809, 0.08672488383271912]}, "live_status": {"unit": "live status", "labels": ["not_live", "was_live"], "values": [0.9514901458099664, 0.04850985419003365]}, "age_limit": {"unit": "age limit", "labels": [0, 18], "values": [0.9955936548630028, 0.004406345136997276]}, "availability": {"unit": "availability", "labels": ["public", "needs_auth", 0], "values": [0.9954734818138119, 0.004406345136997276, 0.0001201730491908348]}, "category": {"unit": "category", "labels": ["People & Blogs", "Gaming", "Entertainment", "Music", "Education", "News & Politics", "Film & Animation", "Sports", "Comedy", "Howto & Style", "Autos & Vehicles", "Travel & Events", "Science & Technology", "Pets & Animals", "Nonprofits & Activism", 0],